id,url,name,rank
1,https://www.zulutrade.com/trader/385732/trading?t=10000&m=1,Prosilio2,1 
2,https://www.zulutrade.com/trader/425490/trading?t=10000&m=1,magictrading1972,3 
3,https://www.zulutrade.com/trader/361378/trading?t=10000&m=1,PANTOKRATOR,4 
4,https://www.zulutrade.com/trader/386204/trading?t=10000&m=1,superfx10,5 
5,https://www.zulutrade.com/trader/363769/trading?t=10000&m=1,Torus001,6 
6,https://www.zulutrade.com/trader/417157/trading?t=10000&m=1,GoodTrader65,7 
7,https://www.zulutrade.com/trader/402995/trading?t=10000&m=1,SKMT4IC2017,8 
8,https://www.zulutrade.com/trader/425639/trading?t=10000&m=1,FX2TRADE VV,9 
9,https://www.zulutrade.com/trader/419061/trading?t=10000&m=1,Gli Trade,10 
10,https://www.zulutrade.com/trader/424662/trading?t=10000&m=1,SabdaPalon,11 
11,https://www.zulutrade.com/trader/418247/trading?t=10000&m=1,Usdcan 2,12 
12,https://www.zulutrade.com/trader/401041/trading?t=10000&m=1,Servin20,13 
13,https://www.zulutrade.com/trader/416774/trading?t=10000&m=1,Gold Stamp,14 
14,https://www.zulutrade.com/trader/418318/trading?t=10000&m=1,Gbpusd 2,15 
15,https://www.zulutrade.com/trader/417825/trading?t=10000&m=1,eurusd for u,16 
16,https://www.zulutrade.com/trader/425561/trading?t=10000&m=1,MugiwaraNoLuffy,17 
17,https://www.zulutrade.com/trader/424245/trading?t=10000&m=1,Mira millions fx2,18 
18,https://www.zulutrade.com/trader/424533/trading?t=10000&m=1,Basant top trader4,19 
19,https://www.zulutrade.com/trader/418271/trading?t=10000&m=1,InvestLong,20 
20,https://www.zulutrade.com/trader/424004/trading?t=10000&m=1,vinodkrkr,21 
21,https://www.zulutrade.com/trader/414175/trading?t=10000&m=1,traderanalyset,22 
22,https://www.zulutrade.com/trader/302049/trading?t=10000&m=1,Eurekanzd,23 
23,https://www.zulutrade.com/trader/412811/trading?t=10000&m=1,AMOSTIL123,24 
24,https://www.zulutrade.com/trader/363542/trading?t=10000&m=1,supertrading30,25 
25,https://www.zulutrade.com/trader/402061/trading?t=10000&m=1,threescore,26 
26,https://www.zulutrade.com/trader/416678/trading?t=10000&m=1,FIRE  CV,27 
27,https://www.zulutrade.com/trader/417743/trading?t=10000&m=1,TOL LANGIT V10,28 
28,https://www.zulutrade.com/trader/423754/trading?t=10000&m=1,pianich1,29 
29,https://www.zulutrade.com/trader/422011/trading?t=10000&m=1,Nice Scalper,30 
30,https://www.zulutrade.com/trader/416805/trading?t=10000&m=1,COPYFXPLANET,31 
31,https://www.zulutrade.com/trader/424244/trading?t=10000&m=1,Mira millions fx,32 
32,https://www.zulutrade.com/trader/408444/trading?t=10000&m=1,Tachyon1,33 
33,https://www.zulutrade.com/trader/417707/trading?t=10000&m=1,FIRE  CW,34 
34,https://www.zulutrade.com/trader/421677/trading?t=10000&m=1,Cherokee EA,35 
35,https://www.zulutrade.com/trader/371570/trading?t=10000&m=1,followwind2,36 
36,https://www.zulutrade.com/trader/424375/trading?t=10000&m=1,DRMTRADER,37 
37,https://www.zulutrade.com/trader/424174/trading?t=10000&m=1,taimurgillani,38 
38,https://www.zulutrade.com/trader/416568/trading?t=10000&m=1,FIRE GC,39 
39,https://www.zulutrade.com/trader/422053/trading?t=10000&m=1,Amociline,40 
40,https://www.zulutrade.com/trader/417943/trading?t=10000&m=1,gbpusd for you,41 
41,https://www.zulutrade.com/trader/292479/trading?t=10000&m=1,MAKSIM69,42 
42,https://www.zulutrade.com/trader/16456/trading?t=10000&m=1,Sharper Trade,43 
43,https://www.zulutrade.com/trader/404282/trading?t=10000&m=1,yesfx118,44 
44,https://www.zulutrade.com/trader/423889/trading?t=10000&m=1,profits GBPCAD,45 
45,https://www.zulutrade.com/trader/417822/trading?t=10000&m=1,Tapaezc2022,46 
46,https://www.zulutrade.com/trader/407181/trading?t=10000&m=1,HMTrader,47 
47,https://www.zulutrade.com/trader/420491/trading?t=10000&m=1,mtremtods,48 
48,https://www.zulutrade.com/trader/424576/trading?t=10000&m=1,Ograda55,49 
49,https://www.zulutrade.com/trader/407193/trading?t=10000&m=1,TopTradingGrid,50 
50,https://www.zulutrade.com/trader/414719/trading?t=10000&m=1,Deepsecret,51 
51,https://www.zulutrade.com/trader/414473/trading?t=10000&m=1,RUBEN TRADE UTP META 8,52 
52,https://www.zulutrade.com/trader/409961/trading?t=10000&m=1,TakeProfitExpert,54 
53,https://www.zulutrade.com/trader/415504/trading?t=10000&m=1,Satria Banyumas,55 
54,https://www.zulutrade.com/trader/424932/trading?t=10000&m=1,SecureFX Trader Cradle,56 
55,https://www.zulutrade.com/trader/425429/trading?t=10000&m=1,Business777,57 
56,https://www.zulutrade.com/trader/372309/trading?t=10000&m=1,Torus002,58 
57,https://www.zulutrade.com/trader/396398/trading?t=10000&m=1,CADFellow,59 
58,https://www.zulutrade.com/trader/422566/trading?t=10000&m=1,Copyprofitrader,60 
59,https://www.zulutrade.com/trader/420820/trading?t=10000&m=1,LIGHTNING  SIGNAL,61 
60,https://www.zulutrade.com/trader/424574/trading?t=10000&m=1,Super  Robot123,62 
61,https://www.zulutrade.com/trader/404656/trading?t=10000&m=1,ReVeR273,63 
62,https://www.zulutrade.com/trader/426338/trading?t=10000&m=1,MyPips4life,64 
63,https://www.zulutrade.com/trader/270857/trading?t=10000&m=1,TradingPower,65 
64,https://www.zulutrade.com/trader/412508/trading?t=10000&m=1,AIGRIDPRO X2,66 
65,https://www.zulutrade.com/trader/415487/trading?t=10000&m=1,John Jet,67 
66,https://www.zulutrade.com/trader/416756/trading?t=10000&m=1,HeroTrader,69 
67,https://www.zulutrade.com/trader/413100/trading?t=10000&m=1,Tradefor,70 
68,https://www.zulutrade.com/trader/424609/trading?t=10000&m=1,MSA EURUSD SYSTEM,71 
69,https://www.zulutrade.com/trader/379383/trading?t=10000&m=1,Profit60,72 
70,https://www.zulutrade.com/trader/425207/trading?t=10000&m=1,globalgains,73 
71,https://www.zulutrade.com/trader/425245/trading?t=10000&m=1,SeisTraders82,74 
72,https://www.zulutrade.com/trader/271574/trading?t=10000&m=1,TheForceMaster,75 
73,https://www.zulutrade.com/trader/402997/trading?t=10000&m=1,SKMT4IC2018,77 
74,https://www.zulutrade.com/trader/366859/trading?t=10000&m=1,PANTOKRATOR2,78 
75,https://www.zulutrade.com/trader/425631/trading?t=10000&m=1,Ivanthetrader,79 
76,https://www.zulutrade.com/trader/425566/trading?t=10000&m=1,Kevin Hung,80 
77,https://www.zulutrade.com/trader/408583/trading?t=10000&m=1,flatpositive,81 
78,https://www.zulutrade.com/trader/378292/trading?t=10000&m=1,FourWaysForex,82 
79,https://www.zulutrade.com/trader/418275/trading?t=10000&m=1,Intraday EURGBP,83 
80,https://www.zulutrade.com/trader/410467/trading?t=10000&m=1,SKICMARKETS669,84 
81,https://www.zulutrade.com/trader/197117/trading?t=10000&m=1,WildhomeTrading,85 
82,https://www.zulutrade.com/trader/411682/trading?t=10000&m=1,The Euphoria,86 
83,https://www.zulutrade.com/trader/417034/trading?t=10000&m=1,SimpleRules S7,87 
84,https://www.zulutrade.com/trader/422129/trading?t=10000&m=1,wajakoya,88 
85,https://www.zulutrade.com/trader/294700/trading?t=10000&m=1,GoWinNo1,89 
86,https://www.zulutrade.com/trader/424531/trading?t=10000&m=1,Basant top trader2,91 
87,https://www.zulutrade.com/trader/415776/trading?t=10000&m=1,andrew888,92 
88,https://www.zulutrade.com/trader/424117/trading?t=10000&m=1,Street Fire,93 
89,https://www.zulutrade.com/trader/420605/trading?t=10000&m=1,trading10years,94 
90,https://www.zulutrade.com/trader/426013/trading?t=10000&m=1,Dragon Trading,95 
91,https://www.zulutrade.com/trader/422052/trading?t=10000&m=1,FIRE GMIX,96 
92,https://www.zulutrade.com/trader/426597/trading?t=10000&m=1,professor experience,97 
93,https://www.zulutrade.com/trader/426759/trading?t=10000&m=1,Emo Ahmed PRO1,98 
94,https://www.zulutrade.com/trader/422667/trading?t=10000&m=1,eurjpystochastictrader,99 
95,https://www.zulutrade.com/trader/418115/trading?t=10000&m=1,ZlTor,100 
96,https://www.zulutrade.com/trader/407341/trading?t=10000&m=1,Majapahit Empire,101 
97,https://www.zulutrade.com/trader/421725/trading?t=10000&m=1,Signaler,102 
98,https://www.zulutrade.com/trader/426043/trading?t=10000&m=1,youngsoleil,103 
99,https://www.zulutrade.com/trader/398264/trading?t=10000&m=1,W2CSpencer,104 
100,https://www.zulutrade.com/trader/422673/trading?t=10000&m=1,BandwagonEA,105 
101,https://www.zulutrade.com/trader/417709/trading?t=10000&m=1,FIRE MIX,106 
102,https://www.zulutrade.com/trader/425666/trading?t=10000&m=1,Zix Power,107 
103,https://www.zulutrade.com/trader/424530/trading?t=10000&m=1,Basant top trader1,108 
104,https://www.zulutrade.com/trader/426045/trading?t=10000&m=1,hanshengwithSL,109 
105,https://www.zulutrade.com/trader/422202/trading?t=10000&m=1,ManInWorldTrade,110 
106,https://www.zulutrade.com/trader/415904/trading?t=10000&m=1,Palex Invest,111 
107,https://www.zulutrade.com/trader/304366/trading?t=10000&m=1,Signal Guide,112 
108,https://www.zulutrade.com/trader/425243/trading?t=10000&m=1,MANCING 35354845,113 
109,https://www.zulutrade.com/trader/422478/trading?t=10000&m=1,AYfibo23,114 
110,https://www.zulutrade.com/trader/399826/trading?t=10000&m=1,Hansheng,115 
111,https://www.zulutrade.com/trader/425675/trading?t=10000&m=1,Ahmed Bahousse Strategy,116 
112,https://www.zulutrade.com/trader/391278/trading?t=10000&m=1,Night Scalp,117 
113,https://www.zulutrade.com/trader/417371/trading?t=10000&m=1,highlandtrader2512,118 
114,https://www.zulutrade.com/trader/420166/trading?t=10000&m=1,Small waves,119 
115,https://www.zulutrade.com/trader/426758/trading?t=10000&m=1,Emo Ahmed PRo,120 
116,https://www.zulutrade.com/trader/424418/trading?t=10000&m=1,yumman1800,121 
117,https://www.zulutrade.com/trader/425156/trading?t=10000&m=1,forexkay,122 
118,https://www.zulutrade.com/trader/426092/trading?t=10000&m=1,SecureFX Trader Kosciuszko,123 
119,https://www.zulutrade.com/trader/425522/trading?t=10000&m=1,EA Luckyvin,124 
120,https://www.zulutrade.com/trader/423097/trading?t=10000&m=1,Channel Crossing,125 
121,https://www.zulutrade.com/trader/404231/trading?t=10000&m=1,BlackDeerAmser,126 
122,https://www.zulutrade.com/trader/415694/trading?t=10000&m=1,Ancient Warrior,127 
123,https://www.zulutrade.com/trader/422304/trading?t=10000&m=1,IllGivnYouProfit,128 
124,https://www.zulutrade.com/trader/423171/trading?t=10000&m=1,Lieutenant Dan,129 
125,https://www.zulutrade.com/trader/420121/trading?t=10000&m=1,DimaN GvGold,130 
126,https://www.zulutrade.com/trader/422621/trading?t=10000&m=1,TrueRange S,132 
127,https://www.zulutrade.com/trader/424438/trading?t=10000&m=1,goldlinefx4y,133 
128,https://www.zulutrade.com/trader/412753/trading?t=10000&m=1,Islero FX,134 
129,https://www.zulutrade.com/trader/409361/trading?t=10000&m=1,FIFOFriends,135 
130,https://www.zulutrade.com/trader/426641/trading?t=10000&m=1,ZuluVeles,136 
131,https://www.zulutrade.com/trader/425252/trading?t=10000&m=1,SwingTrader91,137 
132,https://www.zulutrade.com/trader/426094/trading?t=10000&m=1,Artem1515,138 
133,https://www.zulutrade.com/trader/426797/trading?t=10000&m=1,lenman6600,139 
134,https://www.zulutrade.com/trader/346995/trading?t=10000&m=1,LongTermTrade1,140 
135,https://www.zulutrade.com/trader/424846/trading?t=10000&m=1,Eurnzd31,141 
136,https://www.zulutrade.com/trader/427463/trading?t=10000&m=1,Roro2018,142 
137,https://www.zulutrade.com/trader/426192/trading?t=10000&m=1,ColourGreen555,143 
138,https://www.zulutrade.com/trader/424623/trading?t=10000&m=1,Falcon TRT11,144 
139,https://www.zulutrade.com/trader/410144/trading?t=10000&m=1,ShadowsLab,145 
140,https://www.zulutrade.com/trader/425154/trading?t=10000&m=1,Simple Rules H4,146 
141,https://www.zulutrade.com/trader/424933/trading?t=10000&m=1,GameroCR01,147 
142,https://www.zulutrade.com/trader/415417/trading?t=10000&m=1,Amer Chaudhry,148 
143,https://www.zulutrade.com/trader/399505/trading?t=10000&m=1,True Range,149 
144,https://www.zulutrade.com/trader/426596/trading?t=10000&m=1,GGGFX100,150 
145,https://www.zulutrade.com/trader/366195/trading?t=10000&m=1,Prosilio,151 
146,https://www.zulutrade.com/trader/420959/trading?t=10000&m=1,Ryan UK 88,152 
147,https://www.zulutrade.com/trader/420668/trading?t=10000&m=1,GoodSellerEURUSD,153 
148,https://www.zulutrade.com/trader/412015/trading?t=10000&m=1,LEN STYLE,154 
149,https://www.zulutrade.com/trader/422570/trading?t=10000&m=1,ProfitAzimuth,155 
150,https://www.zulutrade.com/trader/424910/trading?t=10000&m=1,Steady Holder,156 
151,https://www.zulutrade.com/trader/348741/trading?t=10000&m=1,MaloriKprotecT,157 
152,https://www.zulutrade.com/trader/272357/trading?t=10000&m=1,igor shmel,158 
153,https://www.zulutrade.com/trader/426175/trading?t=10000&m=1,Floodin2023,159 
154,https://www.zulutrade.com/trader/425691/trading?t=10000&m=1,FXJust1tradeFIFO,161 
155,https://www.zulutrade.com/trader/421069/trading?t=10000&m=1,Tradystone,162 
156,https://www.zulutrade.com/trader/425247/trading?t=10000&m=1,K R Engineering,163 
157,https://www.zulutrade.com/trader/425571/trading?t=10000&m=1,PGFIGUREINV,164 
158,https://www.zulutrade.com/trader/419879/trading?t=10000&m=1,AAQexsts,165 
159,https://www.zulutrade.com/trader/412294/trading?t=10000&m=1,Purworejo,166 
160,https://www.zulutrade.com/trader/331236/trading?t=10000&m=1,masterworld,167 
161,https://www.zulutrade.com/trader/426692/trading?t=10000&m=1,Uluru HR by SecureFX Trader,168 
162,https://www.zulutrade.com/trader/399598/trading?t=10000&m=1,GLASAIR RG,169 
163,https://www.zulutrade.com/trader/426161/trading?t=10000&m=1,ALIJAD04,170 
164,https://www.zulutrade.com/trader/427329/trading?t=10000&m=1,Profitmaker83,171 
165,https://www.zulutrade.com/trader/424251/trading?t=10000&m=1,London fix,172 
166,https://www.zulutrade.com/trader/416429/trading?t=10000&m=1,NIGHT LIGHT FX,173 
167,https://www.zulutrade.com/trader/380308/trading?t=10000&m=1,Eur the one,174 
168,https://www.zulutrade.com/trader/415420/trading?t=10000&m=1,EdgeForexTrader,175 
169,https://www.zulutrade.com/trader/410678/trading?t=10000&m=1,TheRSIAdvantage,176 
170,https://www.zulutrade.com/trader/411847/trading?t=10000&m=1,SKY MAXER,177 
171,https://www.zulutrade.com/trader/408960/trading?t=10000&m=1,Algorithmic Banker,178 
172,https://www.zulutrade.com/trader/419095/trading?t=10000&m=1,AI Sniper,179 
173,https://www.zulutrade.com/trader/423908/trading?t=10000&m=1,MoneyRainFXpro,180 
174,https://www.zulutrade.com/trader/425324/trading?t=10000&m=1,Cristian Castillo COP,181 
175,https://www.zulutrade.com/trader/424735/trading?t=10000&m=1,Khalid is a trader,182 
176,https://www.zulutrade.com/trader/422941/trading?t=10000&m=1,BornToScalp,183 
177,https://www.zulutrade.com/trader/417942/trading?t=10000&m=1,BridgeFinity,184 
178,https://www.zulutrade.com/trader/426992/trading?t=10000&m=1,NAJEEB dFX,185 
179,https://www.zulutrade.com/trader/423931/trading?t=10000&m=1,Andrey Magnat,186 
180,https://www.zulutrade.com/trader/422050/trading?t=10000&m=1,KaysFx Crypto Vision,187 
181,https://www.zulutrade.com/trader/426031/trading?t=10000&m=1,phoenix7777,188 
182,https://www.zulutrade.com/trader/424575/trading?t=10000&m=1,nonifx trader,190 
183,https://www.zulutrade.com/trader/426993/trading?t=10000&m=1,Cuckoo DFX,191 
184,https://www.zulutrade.com/trader/329973/trading?t=10000&m=1,jamtraders,192 
185,https://www.zulutrade.com/trader/421144/trading?t=10000&m=1,XoRo1987,193 
186,https://www.zulutrade.com/trader/424568/trading?t=10000&m=1,Tradetopper,194 
187,https://www.zulutrade.com/trader/425785/trading?t=10000&m=1,ANKfinMT,195 
188,https://www.zulutrade.com/trader/416359/trading?t=10000&m=1,HorizonFx,196 
189,https://www.zulutrade.com/trader/418073/trading?t=10000&m=1,Clearwater FX Live,198 
190,https://www.zulutrade.com/trader/423058/trading?t=10000&m=1,AMAM2022,200 
191,https://www.zulutrade.com/trader/424019/trading?t=10000&m=1,Mount1999,201 
192,https://www.zulutrade.com/trader/354502/trading?t=10000&m=1,saturntrading,202 
193,https://www.zulutrade.com/trader/379381/trading?t=10000&m=1,Value Fund,203 
194,https://www.zulutrade.com/trader/382303/trading?t=10000&m=1, Fx Unfair Advantage,204 
195,https://www.zulutrade.com/trader/423391/trading?t=10000&m=1,Two Break and Price Action,205 
196,https://www.zulutrade.com/trader/427359/trading?t=10000&m=1,Fxmoonflight,206 
197,https://www.zulutrade.com/trader/375587/trading?t=10000&m=1,nipponfx4y,207 
198,https://www.zulutrade.com/trader/425248/trading?t=10000&m=1,VTcapital,208 
199,https://www.zulutrade.com/trader/425142/trading?t=10000&m=1,AlpineFX,209 
200,https://www.zulutrade.com/trader/423928/trading?t=10000&m=1,BullvsBear,210 
201,https://www.zulutrade.com/trader/385692/trading?t=10000&m=1,greenprofx,211 
202,https://www.zulutrade.com/trader/424666/trading?t=10000&m=1,Lili44111,212 
203,https://www.zulutrade.com/trader/420981/trading?t=10000&m=1,NEW FLASH 343,213 
204,https://www.zulutrade.com/trader/355020/trading?t=10000&m=1,PT314159PT01,214 
205,https://www.zulutrade.com/trader/426731/trading?t=10000&m=1,Profisotrader,215 
206,https://www.zulutrade.com/trader/426160/trading?t=10000&m=1,ALIJAD03,216 
207,https://www.zulutrade.com/trader/424889/trading?t=10000&m=1,Avenue54,217 
208,https://www.zulutrade.com/trader/412253/trading?t=10000&m=1,TheWinnerTakesAll,218 
209,https://www.zulutrade.com/trader/424537/trading?t=10000&m=1,SwissWay,219 
210,https://www.zulutrade.com/trader/424192/trading?t=10000&m=1,Haswell Indigo,220 
211,https://www.zulutrade.com/trader/404544/trading?t=10000&m=1,RangeBuilder,222 
212,https://www.zulutrade.com/trader/424304/trading?t=10000&m=1,TradingMarketsFX,223 
213,https://www.zulutrade.com/trader/378647/trading?t=10000&m=1,Swartout,225 
214,https://www.zulutrade.com/trader/420140/trading?t=10000&m=1,Haswell Capitals,226 
215,https://www.zulutrade.com/trader/426663/trading?t=10000&m=1,Cradle HR by SecureFX Trader,227 
216,https://www.zulutrade.com/trader/424882/trading?t=10000&m=1,LIGHTNING SIGNAL 2023,228 
217,https://www.zulutrade.com/trader/427040/trading?t=10000&m=1,edmundhiza,229 
218,https://www.zulutrade.com/trader/426975/trading?t=10000&m=1,Stabletrades,230 
219,https://www.zulutrade.com/trader/425145/trading?t=10000&m=1,Liuitingxting,231 
220,https://www.zulutrade.com/trader/427302/trading?t=10000&m=1,NWknaaiD,232 
221,https://www.zulutrade.com/trader/407280/trading?t=10000&m=1,Safe Signal Profit,233 
222,https://www.zulutrade.com/trader/423667/trading?t=10000&m=1,VT Partner001,235 
223,https://www.zulutrade.com/trader/426762/trading?t=10000&m=1,Sarah Green fx,236 
224,https://www.zulutrade.com/trader/426743/trading?t=10000&m=1,MAfxtrading2,237 
225,https://www.zulutrade.com/trader/421675/trading?t=10000&m=1,Fxprotrend1,238 
226,https://www.zulutrade.com/trader/425648/trading?t=10000&m=1,TradeGreen FX,240 
227,https://www.zulutrade.com/trader/426764/trading?t=10000&m=1,Sarah Green fx2,241 
228,https://www.zulutrade.com/trader/423847/trading?t=10000&m=1,yumman1600,242 
229,https://www.zulutrade.com/trader/421941/trading?t=10000&m=1,Sceince12,244 
230,https://www.zulutrade.com/trader/400511/trading?t=10000&m=1,EUR Maestro,245 
231,https://www.zulutrade.com/trader/423999/trading?t=10000&m=1,Butinoloptre345,246 
232,https://www.zulutrade.com/trader/423649/trading?t=10000&m=1,Sunshine N Light,247 
233,https://www.zulutrade.com/trader/393988/trading?t=10000&m=1,AiaszTrader,248 
234,https://www.zulutrade.com/trader/426615/trading?t=10000&m=1,intraknanalizer,249 
235,https://www.zulutrade.com/trader/427098/trading?t=10000&m=1,Retired Yes,251 
236,https://www.zulutrade.com/trader/423612/trading?t=10000&m=1,MaryFIFOgbpusd,252 
237,https://www.zulutrade.com/trader/417827/trading?t=10000&m=1,buysell2,253 
238,https://www.zulutrade.com/trader/425098/trading?t=10000&m=1,EURUSD Gaber SYSTEM,254 
239,https://www.zulutrade.com/trader/424937/trading?t=10000&m=1,Multitradingmaster,255 
240,https://www.zulutrade.com/trader/425605/trading?t=10000&m=1,analyseeur,256 
241,https://www.zulutrade.com/trader/425056/trading?t=10000&m=1,The Equalizer,257 
242,https://www.zulutrade.com/trader/425934/trading?t=10000&m=1,GRIDEURGBP400,258 
243,https://www.zulutrade.com/trader/425644/trading?t=10000&m=1,Kings EA,259 
244,https://www.zulutrade.com/trader/425049/trading?t=10000&m=1,Grow Together FX,260 
245,https://www.zulutrade.com/trader/424314/trading?t=10000&m=1,Tribal Dueler,261 
246,https://www.zulutrade.com/trader/399586/trading?t=10000&m=1,Proceedz,262 
247,https://www.zulutrade.com/trader/426651/trading?t=10000&m=1,New day trade,263 
248,https://www.zulutrade.com/trader/279241/trading?t=10000&m=1,PhantomStar,264 
249,https://www.zulutrade.com/trader/401214/trading?t=10000&m=1,Grid Step,265 
250,https://www.zulutrade.com/trader/374555/trading?t=10000&m=1,DJXCapital,266 
251,https://www.zulutrade.com/trader/425902/trading?t=10000&m=1,Fx Slowmotion,268 
252,https://www.zulutrade.com/trader/415006/trading?t=10000&m=1,GordonPR,269 
253,https://www.zulutrade.com/trader/426246/trading?t=10000&m=1,Dhan Guru Nanak,270 
254,https://www.zulutrade.com/trader/425065/trading?t=10000&m=1,EURUSD Longterm,271 
255,https://www.zulutrade.com/trader/407150/trading?t=10000&m=1,Phoenix123,272 
256,https://www.zulutrade.com/trader/426227/trading?t=10000&m=1,Grand Fx Investment,273 
257,https://www.zulutrade.com/trader/423268/trading?t=10000&m=1,Marcibal,274 
258,https://www.zulutrade.com/trader/426589/trading?t=10000&m=1,Urat1928,275 
259,https://www.zulutrade.com/trader/420604/trading?t=10000&m=1,reverse engineering system,276 
260,https://www.zulutrade.com/trader/398315/trading?t=10000&m=1,W2CHPFZ5,277 
261,https://www.zulutrade.com/trader/426652/trading?t=10000&m=1,Black Mountain HR by SecureFX Trader,278 
262,https://www.zulutrade.com/trader/423967/trading?t=10000&m=1,GivingProfit,279 
263,https://www.zulutrade.com/trader/423280/trading?t=10000&m=1,SNIPER EAGLE FX,280 
264,https://www.zulutrade.com/trader/420458/trading?t=10000&m=1,knamymtbn,281 
265,https://www.zulutrade.com/trader/421396/trading?t=10000&m=1,Calm0003,282 
266,https://www.zulutrade.com/trader/424052/trading?t=10000&m=1,Tradeprofix,283 
267,https://www.zulutrade.com/trader/300072/trading?t=10000&m=1,Swiss Grid,284 
268,https://www.zulutrade.com/trader/410873/trading?t=10000&m=1,Bogowonto,285 
269,https://www.zulutrade.com/trader/425445/trading?t=10000&m=1,propalyyousseffx1,286 
270,https://www.zulutrade.com/trader/415206/trading?t=10000&m=1,EmpowerForex  Brasil,287 
271,https://www.zulutrade.com/trader/418713/trading?t=10000&m=1,CRUISE MASTER,288 
272,https://www.zulutrade.com/trader/424426/trading?t=10000&m=1,Betterdrades,289 
273,https://www.zulutrade.com/trader/425628/trading?t=10000&m=1,GoldenSkyscraper FX,290 
274,https://www.zulutrade.com/trader/425059/trading?t=10000&m=1,makertobserver,291 
275,https://www.zulutrade.com/trader/419303/trading?t=10000&m=1,Alwayswin0521,292 
276,https://www.zulutrade.com/trader/263787/trading?t=10000&m=1,EURCHF Grid,293 
277,https://www.zulutrade.com/trader/405190/trading?t=10000&m=1,ProjectReality,294 
278,https://www.zulutrade.com/trader/427307/trading?t=10000&m=1,dealtycoon,295 
279,https://www.zulutrade.com/trader/425401/trading?t=10000&m=1,Topratingfx,296 
280,https://www.zulutrade.com/trader/426973/trading?t=10000&m=1,Santherealtrader,297 
281,https://www.zulutrade.com/trader/423556/trading?t=10000&m=1,SeisTraders,298 
282,https://www.zulutrade.com/trader/418510/trading?t=10000&m=1,PGTrinityX,299 
283,https://www.zulutrade.com/trader/398611/trading?t=10000&m=1,flashboys,300 
284,https://www.zulutrade.com/trader/412975/trading?t=10000&m=1,Little Crazy MT4,301 
285,https://www.zulutrade.com/trader/426146/trading?t=10000&m=1,EVERBEST,302 
286,https://www.zulutrade.com/trader/423592/trading?t=10000&m=1,2themoon,303 
287,https://www.zulutrade.com/trader/421436/trading?t=10000&m=1,Stair profits X,304 
288,https://www.zulutrade.com/trader/426714/trading?t=10000&m=1,Longtermprofits122,305 
289,https://www.zulutrade.com/trader/416048/trading?t=10000&m=1,Allychen,306 
290,https://www.zulutrade.com/trader/372250/trading?t=10000&m=1,Akos daily trading,307 
291,https://www.zulutrade.com/trader/425119/trading?t=10000&m=1,DevilDogFX,308 
292,https://www.zulutrade.com/trader/409986/trading?t=10000&m=1,MS Trades H4,309 
293,https://www.zulutrade.com/trader/427197/trading?t=10000&m=1,NoCap FX,310 
294,https://www.zulutrade.com/trader/426831/trading?t=10000&m=1,CrossRate PKR,311 
295,https://www.zulutrade.com/trader/426760/trading?t=10000&m=1,Emo Ahmed PRO2,312 
296,https://www.zulutrade.com/trader/425133/trading?t=10000&m=1,Than trader,313 
297,https://www.zulutrade.com/trader/427348/trading?t=10000&m=1,Growth2023,314 
298,https://www.zulutrade.com/trader/171983/trading?t=10000&m=1,korsika,315 
299,https://www.zulutrade.com/trader/407455/trading?t=10000&m=1,DiGInvest,316 
300,https://www.zulutrade.com/trader/422446/trading?t=10000&m=1,VLadvfix,317 
301,https://www.zulutrade.com/trader/425120/trading?t=10000&m=1,OxCapital,318 
302,https://www.zulutrade.com/trader/421887/trading?t=10000&m=1,QiniuwaEA,319 
303,https://www.zulutrade.com/trader/105910/trading?t=10000&m=1,data-fx-average,320 
304,https://www.zulutrade.com/trader/425104/trading?t=10000&m=1,PythiaFX,321 
305,https://www.zulutrade.com/trader/353639/trading?t=10000&m=1,sayed zahran,322 
306,https://www.zulutrade.com/trader/426287/trading?t=10000&m=1,Pierre24,323 
307,https://www.zulutrade.com/trader/425344/trading?t=10000&m=1,WingedPIPS,325 
308,https://www.zulutrade.com/trader/422068/trading?t=10000&m=1,THELASTJEDI,327 
309,https://www.zulutrade.com/trader/425980/trading?t=10000&m=1,Twilight NV ICM,328 
310,https://www.zulutrade.com/trader/421504/trading?t=10000&m=1,All4fxintmo,329 
311,https://www.zulutrade.com/trader/418650/trading?t=10000&m=1,TradeProFiT BD,330 
312,https://www.zulutrade.com/trader/422990/trading?t=10000&m=1,Long Term Portfolio,331 
313,https://www.zulutrade.com/trader/422588/trading?t=10000&m=1,KingForexEUR,332 
314,https://www.zulutrade.com/trader/424257/trading?t=10000&m=1,Swinger Trades 66,333 
315,https://www.zulutrade.com/trader/414894/trading?t=10000&m=1,Vipro D1,334 
316,https://www.zulutrade.com/trader/407191/trading?t=10000&m=1,AUDCAD NZDCAD 100PA,335 
317,https://www.zulutrade.com/trader/426077/trading?t=10000&m=1,SG SANGILI VEERA,336 
318,https://www.zulutrade.com/trader/425554/trading?t=10000&m=1,Usdsnipper,337 
319,https://www.zulutrade.com/trader/412737/trading?t=10000&m=1,SimpleEUUS,338 
320,https://www.zulutrade.com/trader/426185/trading?t=10000&m=1,SecureFX Trader Ossa,339 
321,https://www.zulutrade.com/trader/426684/trading?t=10000&m=1,CTC System,340 
322,https://www.zulutrade.com/trader/427293/trading?t=10000&m=1,Mamaslatoha,342 
323,https://www.zulutrade.com/trader/420592/trading?t=10000&m=1,T AND F SYSTEM,343 
324,https://www.zulutrade.com/trader/427133/trading?t=10000&m=1,AI Research Labs,344 
325,https://www.zulutrade.com/trader/423625/trading?t=10000&m=1,FORWARD SIGNS,345 
326,https://www.zulutrade.com/trader/427294/trading?t=10000&m=1,Jufuraplo,346 
327,https://www.zulutrade.com/trader/426089/trading?t=10000&m=1,SecureFX Trader Black Mountain,347 
328,https://www.zulutrade.com/trader/421215/trading?t=10000&m=1,MuteSpadd,348 
329,https://www.zulutrade.com/trader/424789/trading?t=10000&m=1,Optimatrade,349 
330,https://www.zulutrade.com/trader/426132/trading?t=10000&m=1,Magicpips23,350 
331,https://www.zulutrade.com/trader/417738/trading?t=10000&m=1,LightSIdeFx,351 
332,https://www.zulutrade.com/trader/419132/trading?t=10000&m=1,BD Trades,352 
333,https://www.zulutrade.com/trader/261982/trading?t=10000&m=1,fadaka03,353 
334,https://www.zulutrade.com/trader/417386/trading?t=10000&m=1,PineRockCapital,354 
335,https://www.zulutrade.com/trader/360361/trading?t=10000&m=1,ecffengfeng,355 
336,https://www.zulutrade.com/trader/335632/trading?t=10000&m=1,RSFENG3333388,356 
337,https://www.zulutrade.com/trader/425226/trading?t=10000&m=1,MtBestScalper,357 
338,https://www.zulutrade.com/trader/416255/trading?t=10000&m=1,FBMasterZone,358 
339,https://www.zulutrade.com/trader/105572/trading?t=10000&m=1,mdroid3,359 
340,https://www.zulutrade.com/trader/426479/trading?t=10000&m=1,Java Town,360 
341,https://www.zulutrade.com/trader/424724/trading?t=10000&m=1,Xpoint2023,361 
342,https://www.zulutrade.com/trader/425690/trading?t=10000&m=1,UnaposicionFIFO,362 
343,https://www.zulutrade.com/trader/426214/trading?t=10000&m=1,vosim2023,363 
344,https://www.zulutrade.com/trader/425730/trading?t=10000&m=1,Masterbulls,364 
345,https://www.zulutrade.com/trader/267745/trading?t=10000&m=1,4Majors TA,365 
346,https://www.zulutrade.com/trader/412163/trading?t=10000&m=1,Rafaaaponte,366 
347,https://www.zulutrade.com/trader/399074/trading?t=10000&m=1,W2CClipper,367 
348,https://www.zulutrade.com/trader/424584/trading?t=10000&m=1,The Robotic Way,368 
349,https://www.zulutrade.com/trader/426379/trading?t=10000&m=1,Terrastral,369 
350,https://www.zulutrade.com/trader/424266/trading?t=10000&m=1,Xppheed1Trade1pos,370 
351,https://www.zulutrade.com/trader/426054/trading?t=10000&m=1,Sergio2000,371 
352,https://www.zulutrade.com/trader/421395/trading?t=10000&m=1,OGNSFA system,372 
353,https://www.zulutrade.com/trader/395936/trading?t=10000&m=1,forexwin4you,374 
354,https://www.zulutrade.com/trader/423371/trading?t=10000&m=1,breakusdjpy,375 
355,https://www.zulutrade.com/trader/425153/trading?t=10000&m=1,MaxAtmPro,376 
356,https://www.zulutrade.com/trader/423610/trading?t=10000&m=1,AndyFIFOEURUSDJPYGBPCAD,377 
357,https://www.zulutrade.com/trader/424624/trading?t=10000&m=1,Philippa Trader,378 
358,https://www.zulutrade.com/trader/419903/trading?t=10000&m=1,zoomfx123,379 
359,https://www.zulutrade.com/trader/424358/trading?t=10000&m=1,fxmarkettrade,380 
360,https://www.zulutrade.com/trader/424175/trading?t=10000&m=1,khacexitreews12,381 
361,https://www.zulutrade.com/trader/422106/trading?t=10000&m=1,Aplusstable,382 
362,https://www.zulutrade.com/trader/426138/trading?t=10000&m=1,Max 1 Oppen position,383 
363,https://www.zulutrade.com/trader/422565/trading?t=10000&m=1,Copymetrader,384 
364,https://www.zulutrade.com/trader/423130/trading?t=10000&m=1,Sevenix2030,385 
365,https://www.zulutrade.com/trader/391765/trading?t=10000&m=1,SkyOneTrading,386 
366,https://www.zulutrade.com/trader/378645/trading?t=10000&m=1,Poissant,387 
367,https://www.zulutrade.com/trader/417600/trading?t=10000&m=1,vxkaiping1688,389 
368,https://www.zulutrade.com/trader/426999/trading?t=10000&m=1,Chrispian1,390 
369,https://www.zulutrade.com/trader/315650/trading?t=10000&m=1,pythagors,391 
370,https://www.zulutrade.com/trader/418598/trading?t=10000&m=1,Trading NASDAQ,392 
371,https://www.zulutrade.com/trader/418101/trading?t=10000&m=1,EBO LITE,393 
372,https://www.zulutrade.com/trader/275130/trading?t=10000&m=1,xianhuangxin6,394 
373,https://www.zulutrade.com/trader/425894/trading?t=10000&m=1,REMINGT0N  DEX 666,395 
374,https://www.zulutrade.com/trader/422815/trading?t=10000&m=1,Guppy Wave,396 
375,https://www.zulutrade.com/trader/411202/trading?t=10000&m=1,TolGalen,397 
376,https://www.zulutrade.com/trader/396552/trading?t=10000&m=1,porshyGold,398 
377,https://www.zulutrade.com/trader/423997/trading?t=10000&m=1,Copoletbewqatr12,399 
378,https://www.zulutrade.com/trader/423368/trading?t=10000&m=1,edgeforexfifo,400 
379,https://www.zulutrade.com/trader/386505/trading?t=10000&m=1,IMINWARN,401 
380,https://www.zulutrade.com/trader/335481/trading?t=10000&m=1,daenerys16,402 
381,https://www.zulutrade.com/trader/427126/trading?t=10000&m=1,Aims Success,403 
382,https://www.zulutrade.com/trader/417725/trading?t=10000&m=1,RubberbandAmplified,404 
383,https://www.zulutrade.com/trader/422457/trading?t=10000&m=1,Forexous,405 
384,https://www.zulutrade.com/trader/415037/trading?t=10000&m=1,VROTVSEMBOT,406 
385,https://www.zulutrade.com/trader/427235/trading?t=10000&m=1,Quickerz,407 
386,https://www.zulutrade.com/trader/412301/trading?t=10000&m=1,Kulonprogo,408 
387,https://www.zulutrade.com/trader/426257/trading?t=10000&m=1,Tradecoyot,409 
388,https://www.zulutrade.com/trader/424750/trading?t=10000&m=1,HelloFIFOColombia,410 
389,https://www.zulutrade.com/trader/394788/trading?t=10000&m=1,MH2020FX,411 
390,https://www.zulutrade.com/trader/426996/trading?t=10000&m=1,Bitcoin by The Robotic Trader,412 
391,https://www.zulutrade.com/trader/421275/trading?t=10000&m=1,Strategy4investing,413 
392,https://www.zulutrade.com/trader/424263/trading?t=10000&m=1,Randaa traded1,414 
393,https://www.zulutrade.com/trader/427559/trading?t=10000&m=1,Canoa Trading,415 
394,https://www.zulutrade.com/trader/378883/trading?t=10000&m=1,TREVO quatro FOLHAS,417 
395,https://www.zulutrade.com/trader/376959/trading?t=10000&m=1,Daenerys102,418 
396,https://www.zulutrade.com/trader/426854/trading?t=10000&m=1,PATH OF CONSTANCY2,419 
397,https://www.zulutrade.com/trader/417561/trading?t=10000&m=1,PlatinumVision,421 
398,https://www.zulutrade.com/trader/426683/trading?t=10000&m=1,Kosciuszko HR by SecureFX Trader,422 
399,https://www.zulutrade.com/trader/426134/trading?t=10000&m=1,PriestKing,423 
400,https://www.zulutrade.com/trader/373866/trading?t=10000&m=1,chunyffs333,424 
401,https://www.zulutrade.com/trader/421240/trading?t=10000&m=1,007 Lets Trade,425 
402,https://www.zulutrade.com/trader/427473/trading?t=10000&m=1,lenman8888,426 
403,https://www.zulutrade.com/trader/424111/trading?t=10000&m=1,Ghtrewerobsaze232,427 
404,https://www.zulutrade.com/trader/426133/trading?t=10000&m=1,MySignalStart,428 
405,https://www.zulutrade.com/trader/418814/trading?t=10000&m=1,TradeFX Robot,431 
406,https://www.zulutrade.com/trader/424543/trading?t=10000&m=1,haedella1,432 
407,https://www.zulutrade.com/trader/365052/trading?t=10000&m=1,tradingwon,433 
408,https://www.zulutrade.com/trader/425216/trading?t=10000&m=1,juleha22,435 
409,https://www.zulutrade.com/trader/423344/trading?t=10000&m=1,twinsinvestinc,436 
410,https://www.zulutrade.com/trader/424177/trading?t=10000&m=1,FifoULTRASPEEDfx,437 
411,https://www.zulutrade.com/trader/410238/trading?t=10000&m=1,AA Profit System,438 
412,https://www.zulutrade.com/trader/413840/trading?t=10000&m=1,ForexAlchemist520,439 
413,https://www.zulutrade.com/trader/397983/trading?t=10000&m=1,IvanChenFx,440 
414,https://www.zulutrade.com/trader/425073/trading?t=10000&m=1,BankerVN,441 
415,https://www.zulutrade.com/trader/418973/trading?t=10000&m=1,wawawa168,442 
416,https://www.zulutrade.com/trader/424869/trading?t=10000&m=1,SealOfApproval,443 
417,https://www.zulutrade.com/trader/423998/trading?t=10000&m=1,Vitlygopoly564,444 
418,https://www.zulutrade.com/trader/426995/trading?t=10000&m=1,XIANFENG168,445 
419,https://www.zulutrade.com/trader/416352/trading?t=10000&m=1,BitKingDom,446 
420,https://www.zulutrade.com/trader/426805/trading?t=10000&m=1,NIGHT LIGHT copy,447 
421,https://www.zulutrade.com/trader/403142/trading?t=10000&m=1,Easy successfully Trading,448 
422,https://www.zulutrade.com/trader/425409/trading?t=10000&m=1,EGYPT WAY,449 
423,https://www.zulutrade.com/trader/426090/trading?t=10000&m=1,SecureFX Trader Flinders,450 
424,https://www.zulutrade.com/trader/418717/trading?t=10000&m=1,Green Signal BD,451 
425,https://www.zulutrade.com/trader/424084/trading?t=10000&m=1,REAL FUTURE,452 
426,https://www.zulutrade.com/trader/425464/trading?t=10000&m=1,mytradingclub,453 
427,https://www.zulutrade.com/trader/422828/trading?t=10000&m=1,HifhLowFGR,454 
428,https://www.zulutrade.com/trader/425587/trading?t=10000&m=1,EURUSDOnlyX,455 
429,https://www.zulutrade.com/trader/423671/trading?t=10000&m=1,Damofeiying,456 
430,https://www.zulutrade.com/trader/427356/trading?t=10000&m=1,Fxuniquetrade,457 
431,https://www.zulutrade.com/trader/425847/trading?t=10000&m=1,ZEPELIN fx 2023,458 
432,https://www.zulutrade.com/trader/424128/trading?t=10000&m=1,Traderwork,459 
433,https://www.zulutrade.com/trader/370982/trading?t=10000&m=1,Hannibal Robot,460 
434,https://www.zulutrade.com/trader/425999/trading?t=10000&m=1,Tradeprofmark,461 
435,https://www.zulutrade.com/trader/407983/trading?t=10000&m=1,Profiti30,462 
436,https://www.zulutrade.com/trader/398560/trading?t=10000&m=1,DayProfitTrader,463 
437,https://www.zulutrade.com/trader/424499/trading?t=10000&m=1,roiroiroi,464 
438,https://www.zulutrade.com/trader/396232/trading?t=10000&m=1,skinvest2020,465 
439,https://www.zulutrade.com/trader/423963/trading?t=10000&m=1,MINH NGOC,466 
440,https://www.zulutrade.com/trader/426421/trading?t=10000&m=1,ConservativeSwing,467 
441,https://www.zulutrade.com/trader/267699/trading?t=10000&m=1,Posido Unity,468 
442,https://www.zulutrade.com/trader/427445/trading?t=10000&m=1,shreif2023,469 
443,https://www.zulutrade.com/trader/425595/trading?t=10000&m=1,FxGoldenTraders,470 
444,https://www.zulutrade.com/trader/424854/trading?t=10000&m=1,popforex,471 
445,https://www.zulutrade.com/trader/427180/trading?t=10000&m=1,Daun Bungkus,472 
446,https://www.zulutrade.com/trader/427029/trading?t=10000&m=1,Egy7starS,473 
447,https://www.zulutrade.com/trader/337479/trading?t=10000&m=1,CorrelationFX,474 
448,https://www.zulutrade.com/trader/424200/trading?t=10000&m=1,Dyhotrew3521d,475 
449,https://www.zulutrade.com/trader/426703/trading?t=10000&m=1,Fxs Swing Pluss,476 
450,https://www.zulutrade.com/trader/426925/trading?t=10000&m=1,Trend LP,477 
451,https://www.zulutrade.com/trader/426503/trading?t=10000&m=1,InvestingKingFbs,478 
452,https://www.zulutrade.com/trader/422582/trading?t=10000&m=1,CurrencyBigPush,479 
453,https://www.zulutrade.com/trader/422636/trading?t=10000&m=1,GreenFalconFX,480 
454,https://www.zulutrade.com/trader/413921/trading?t=10000&m=1,FxSarbaaz,481 
455,https://www.zulutrade.com/trader/418284/trading?t=10000&m=1,LondonTradingStrategy,482 
456,https://www.zulutrade.com/trader/405136/trading?t=10000&m=1,Rusalgorithm,483 
457,https://www.zulutrade.com/trader/171979/trading?t=10000&m=1,alaska,484 
458,https://www.zulutrade.com/trader/427603/trading?t=10000&m=1,OperativeWork,485 
459,https://www.zulutrade.com/trader/424686/trading?t=10000&m=1,Max Walker,486 
460,https://www.zulutrade.com/trader/427536/trading?t=10000&m=1,basettefx1,487 
461,https://www.zulutrade.com/trader/416251/trading?t=10000&m=1,Rocket Safe Fx,489 
462,https://www.zulutrade.com/trader/426922/trading?t=10000&m=1,lenman7700,490 
463,https://www.zulutrade.com/trader/409310/trading?t=10000&m=1,Only eurusd Fx,491 
464,https://www.zulutrade.com/trader/425015/trading?t=10000&m=1,Trendy24,492 
465,https://www.zulutrade.com/trader/420563/trading?t=10000&m=1,Haswell Grid,493 
466,https://www.zulutrade.com/trader/425089/trading?t=10000&m=1,XTREMEGREENFX,494 
467,https://www.zulutrade.com/trader/374590/trading?t=10000&m=1,USDthinker,495 
468,https://www.zulutrade.com/trader/424515/trading?t=10000&m=1,InfinitePlus,496 
469,https://www.zulutrade.com/trader/423118/trading?t=10000&m=1,Centar123,497 
470,https://www.zulutrade.com/trader/13395/trading?t=10000&m=1,fixtrade,498 
471,https://www.zulutrade.com/trader/417023/trading?t=10000&m=1,1 rule Discipline,499 
472,https://www.zulutrade.com/trader/406074/trading?t=10000&m=1,godtrading,500 
473,https://www.zulutrade.com/trader/426712/trading?t=10000&m=1,HOSTLINE,501 
474,https://www.zulutrade.com/trader/426972/trading?t=10000&m=1,FX Copy Master,502 
475,https://www.zulutrade.com/trader/423093/trading?t=10000&m=1,YuanWang YW,503 
476,https://www.zulutrade.com/trader/427120/trading?t=10000&m=1,Dax de40,504 
477,https://www.zulutrade.com/trader/338728/trading?t=10000&m=1,YunoriYK,505 
478,https://www.zulutrade.com/trader/426003/trading?t=10000&m=1,CEKINI drem tim 4,506 
479,https://www.zulutrade.com/trader/426819/trading?t=10000&m=1,AAJJRROO,507 
480,https://www.zulutrade.com/trader/427109/trading?t=10000&m=1,FrenchScalperTrader,508 
481,https://www.zulutrade.com/trader/402357/trading?t=10000&m=1,CLEARWATER FOREX TRADING,509 
482,https://www.zulutrade.com/trader/426277/trading?t=10000&m=1,Stencil980,510 
483,https://www.zulutrade.com/trader/425288/trading?t=10000&m=1,Tradernotfailer,512 
484,https://www.zulutrade.com/trader/422008/trading?t=10000&m=1,MarkFxTrade,513 
485,https://www.zulutrade.com/trader/426763/trading?t=10000&m=1,Sarah Green fx1,514 
486,https://www.zulutrade.com/trader/426930/trading?t=10000&m=1,lenman9900,515 
487,https://www.zulutrade.com/trader/425796/trading?t=10000&m=1,gridaudnzd250,516 
488,https://www.zulutrade.com/trader/424191/trading?t=10000&m=1,Haswell Red,517 
489,https://www.zulutrade.com/trader/412568/trading?t=10000&m=1,Mastercop,518 
490,https://www.zulutrade.com/trader/418143/trading?t=10000&m=1,TOL LANGIT Algorithmic Trading,519 
491,https://www.zulutrade.com/trader/421279/trading?t=10000&m=1,strategy4invest,520 
492,https://www.zulutrade.com/trader/420909/trading?t=10000&m=1,andygeez123,521 
493,https://www.zulutrade.com/trader/422613/trading?t=10000&m=1,Apollo Trading,522 
494,https://www.zulutrade.com/trader/427546/trading?t=10000&m=1,vskprotrades,523 
495,https://www.zulutrade.com/trader/425182/trading?t=10000&m=1,ThelongjourneyFX,524 
496,https://www.zulutrade.com/trader/415113/trading?t=10000&m=1,RegenbogenFX,525 
497,https://www.zulutrade.com/trader/425629/trading?t=10000&m=1,GoldenPIPS System,526 
498,https://www.zulutrade.com/trader/426856/trading?t=10000&m=1,THE STREAK ALIVE2,527 
499,https://www.zulutrade.com/trader/427179/trading?t=10000&m=1,Next higt level,529 
500,https://www.zulutrade.com/trader/422606/trading?t=10000&m=1,BrightSunlight,531 
501,https://www.zulutrade.com/trader/424133/trading?t=10000&m=1,nffxtrader,532 
502,https://www.zulutrade.com/trader/422105/trading?t=10000&m=1,EML System,533 
503,https://www.zulutrade.com/trader/426664/trading?t=10000&m=1,Ossa HR by SecureFX Trader,534 
504,https://www.zulutrade.com/trader/426531/trading?t=10000&m=1,KevinHungAI,535 
505,https://www.zulutrade.com/trader/416941/trading?t=10000&m=1,RamTRX1000,536 
506,https://www.zulutrade.com/trader/426588/trading?t=10000&m=1,Denis Plat,537 
507,https://www.zulutrade.com/trader/425781/trading?t=10000&m=1,VvoTreder,538 
508,https://www.zulutrade.com/trader/427528/trading?t=10000&m=1,VvoTreder,538 
